ID,Formula,Sc,Ti,V,Cr,Zr,Nb,Mo,Hf,Ta,C,N,F,H,O,Li,Na,K,Mg,M,X,T,Z,Voltage,Capacity,Charge,In-plane_lattice,Intercalated_lattice
1,Sc2C,2,0,0,0,0,0,0,0,0,1,0,0,0,0,1,0,0,0,Sc,C,NONE,Li,0.29,462,0.805,3.312,3.331
2,Sc2N,2,0,0,0,0,0,0,0,0,0,1,0,0,0,1,0,0,0,Sc,N,NONE,Li,0.35,454,0.792,3.19,3.217
3,Sc2CH2,2,0,0,0,0,0,0,0,0,1,0,0,2,0,1,0,0,0,Sc,C,H2,Li,-0.3,454,0.818,3.28,3.281
4,Sc2NH2,2,0,0,0,0,0,0,0,0,0,1,0,2,0,1,0,0,0,Sc,N,H2,Li,-0.29,447,0.812,3.185,3.196
5,Ti2C,0,2,0,0,0,0,0,0,0,1,0,0,0,0,1,0,0,0,Ti,C,NONE,Li,0.44,440,0.769,3.082,3.115
6,Ti2N,0,2,0,0,0,0,0,0,0,0,1,0,0,0,1,0,0,0,Ti,N,NONE,Li,0.51,433,0.761,2.988,3.028
7,Ti2CH2,0,2,0,0,0,0,0,0,0,1,0,0,2,0,1,0,0,0,Ti,C,H2,Li,-0.11,433,0.778,3.037,3.068
8,Ti2NH2,0,2,0,0,0,0,0,0,0,0,1,0,2,0,1,0,0,0,Ti,N,H2,Li,-0.03,426,0.769,2.988,3.014
9,V2C,0,0,2,0,0,0,0,0,0,1,0,0,0,0,1,0,0,0,V,C,NONE,Li,0.47,419,0.75,2.897,2.97
10,V2N,0,0,2,0,0,0,0,0,0,0,1,0,0,0,1,0,0,0,V,N,NONE,Li,0.47,413,0.746,2.92,2.926
11,V2CH2,0,0,2,0,0,0,0,0,0,1,0,0,2,0,1,0,0,0,V,C,H2,Li,0.2,413,0.74,2.877,2.941
12,Cr2C,0,0,0,2,0,0,0,0,0,1,0,0,0,0,1,0,0,0,Cr,C,NONE,Li,0.55,412,0.739,2.828,2.966
13,V2NH2,0,0,2,0,0,0,0,0,0,0,1,0,2,0,1,0,0,0,V,N,H2,Li,0.22,406,0.729,2.756,2.91
14,Cr2N,0,0,0,2,0,0,0,0,0,0,1,0,0,0,1,0,0,0,Cr,N,NONE,Li,0.61,406,0.743,2.675,2.946
15,Cr2CH2,0,0,0,2,0,0,0,0,0,1,0,0,2,0,1,0,0,0,Cr,C,H2,Li,0.35,406,0.708,2.872,2.87
16,Cr2NH2,0,0,0,2,0,0,0,0,0,0,1,0,2,0,1,0,0,0,Cr,N,H2,Li,0.25,400,0.702,2.867,2.839
17,Sc2CO2,2,0,0,0,0,0,0,0,0,1,0,0,0,2,1,0,0,0,Sc,C,O2,Li,1.89,362,0.662,3.214,3.203
18,Sc2NO2,2,0,0,0,0,0,0,0,0,0,1,0,0,2,1,0,0,0,Sc,N,O2,Li,1.76,357,0.704,3.238,3.115
19,Sc2COH,2,0,0,0,0,0,0,0,0,1,0,0,1,1,1,0,0,0,Sc,C,OH,Li,-0.43,357,0.837,3.287,3.263
20,Sc2NOH,2,0,0,0,0,0,0,0,0,0,1,0,1,1,1,0,0,0,Sc,N,OH,Li,-0.29,353,0.822,3.207,3.201
21,Ti2CO2,0,2,0,0,0,0,0,0,0,1,0,0,0,2,1,0,0,0,Ti,C,O2,Li,1.22,349,0.647,3.032,3.018
22,Sc2CF2,2,0,0,0,0,0,0,0,0,1,0,2,0,0,1,0,0,0,Sc,C,F,Li,-0.51,348,0.845,3.263,3.248
23,Ti2NO2,0,2,0,0,0,0,0,0,0,0,1,0,0,2,1,0,0,0,Ti,N,O2,Li,1.08,344,0.667,3.003,3.001
24,Ti2COH,0,2,0,0,0,0,0,0,0,1,0,0,1,1,1,0,0,0,Ti,C,OH,Li,-0.33,344,0.808,3.073,3.068
25,Sc2NF2,2,0,0,0,0,0,0,0,0,0,1,2,0,0,1,0,0,0,Sc,N,F,Li,-0.59,344,0.845,3.184,3.175
26,Ti2NOH,0,2,0,0,0,0,0,0,0,0,1,0,1,1,1,0,0,0,Ti,N,OH,Li,-0.3,340,0.806,3.063,3.062
27,V2CO2,0,0,2,0,0,0,0,0,0,1,0,0,0,2,1,0,0,0,V,C,O2,Li,1.43,335,0.626,2.895,2.964
28,Ti2CF2,0,2,0,0,0,0,0,0,0,1,0,2,0,0,1,0,0,0,Ti,C,F,Li,0.12,335,0.62,3.054,3.066
29,V2NO2,0,0,2,0,0,0,0,0,0,0,1,0,0,2,1,0,0,0,V,N,O2,Li,1.25,331,0.649,2.905,2.995
30,V2COH,0,0,2,0,0,0,0,0,0,1,0,0,1,1,1,0,0,0,V,C,OH,Li,-0.33,331,0.795,3,2.994
31,Ti2NF2,0,2,0,0,0,0,0,0,0,0,1,2,0,0,1,0,0,0,Ti,N,F,Li,0.23,331,0.613,3.062,3.054
32,Cr2CO2,0,0,0,2,0,0,0,0,0,1,0,0,0,2,1,0,0,0,Cr,C,O2,Li,1.45,331,0.578,2.899,3.014
33,V2NOH,0,0,2,0,0,0,0,0,0,0,1,0,1,1,1,0,0,0,V,N,OH,Li,-0.32,327,0.797,3.054,3.035
34,Cr2NO2,0,0,0,2,0,0,0,0,0,0,1,0,0,2,1,0,0,0,Cr,N,O2,Li,1.44,327,0.632,2.866,2.98
35,Cr2COH,0,0,0,2,0,0,0,0,0,1,0,0,1,1,1,0,0,0,Cr,C,OH,Li,-0.3,327,0.793,3.032,3.074
36,V2CF2,0,0,2,0,0,0,0,0,0,1,0,2,0,0,1,0,0,0,V,C,F,Li,0.92,323,0.603,2.978,3.039
37,Cr2NOH,0,0,0,2,0,0,0,0,0,0,1,0,1,1,1,0,0,0,Cr,N,OH,Li,-0.35,323,0.788,3.033,3.011
38,V2NF2,0,0,2,0,0,0,0,0,0,0,1,2,0,0,1,0,0,0,V,N,F,Li,0.96,319,0.661,3.043,3.119
39,Cr2CF2,0,0,0,2,0,0,0,0,0,1,0,2,0,0,1,0,0,0,Cr,C,F,Li,1.43,319,0.674,3.021,3.14
40,Cr2NF2,0,0,0,2,0,0,0,0,0,0,1,2,0,0,1,0,0,0,Cr,N,F,Li,1.46,315,0.66,3.036,3.119
41,Zr2C,0,0,0,0,2,0,0,0,0,1,0,0,0,0,1,0,0,0,Zr,C,NONE,Li,0.45,257,0.793,3.28,3.339
42,Zr2N,0,0,0,0,2,0,0,0,0,0,1,0,0,0,1,0,0,0,Zr,N,NONE,Li,0.51,255,0.786,3.25,3.268
43,Zr2CH2,0,0,0,0,2,0,0,0,0,1,0,0,2,0,1,0,0,0,Zr,C,H2,Li,-0.18,255,0.819,3.317,3.317
44,Nb2C,0,0,0,0,0,2,0,0,0,1,0,0,0,0,1,0,0,0,Nb,C,NONE,Li,0.52,253,0.772,3.119,3.15
45,Zr2NH2,0,0,0,0,2,0,0,0,0,0,1,0,2,0,1,0,0,0,Zr,N,H2,Li,-0.03,252,0.804,3.253,3.255
46,Nb2N,0,0,0,0,0,2,0,0,0,0,1,0,0,0,1,0,0,0,Nb,N,NONE,Li,0.55,251,0.767,3.137,3.116
47,Nb2CH2,0,0,0,0,0,2,0,0,0,1,0,0,2,0,1,0,0,0,Nb,C,H2,Li,0.19,251,0.774,3.115,3.141
48,Nb2NH2,0,0,0,0,0,2,0,0,0,0,1,0,2,0,1,0,0,0,Nb,N,H2,Li,0.17,248,0.756,2.957,3.089
49,Mo2C,0,0,0,0,0,0,2,0,0,1,0,0,0,0,1,0,0,0,Mo,C,NONE,Li,0.64,246,0.749,3.005,3.053
50,Mo2N,0,0,0,0,0,0,2,0,0,0,1,0,0,0,1,0,0,0,Mo,N,NONE,Li,0.64,244,0.71,2.79,2.853
51,Mo2CH2,0,0,0,0,0,0,2,0,0,1,0,0,2,0,1,0,0,0,Mo,C,H2,Li,0.53,244,0.73,2.938,3.038
52,Mo2NH2,0,0,0,0,0,0,2,0,0,0,1,0,2,0,1,0,0,0,Mo,N,H2,Li,0.44,242,0.7,2.788,2.902
53,Zr2CO2,0,0,0,0,2,0,0,0,0,1,0,0,0,2,1,0,0,0,Zr,C,O2,Li,0.67,223,0.722,3.317,3.223
54,Zr2NO2,0,0,0,0,2,0,0,0,0,0,1,0,0,2,1,0,0,0,Zr,N,O2,Li,0.55,221,0.731,3.269,3.18
55,Zr2COH,0,0,0,0,2,0,0,0,0,1,0,0,1,1,1,0,0,0,Zr,C,OH,Li,-0.31,221,0.836,3.331,3.311
56,Nb2CO2,0,0,0,0,0,2,0,0,0,1,0,0,0,2,1,0,0,0,Nb,C,O2,Li,0.89,220,0.71,3.133,3.146
57,Zr2NOH,0,0,0,0,2,0,0,0,0,0,1,0,1,1,1,0,0,0,Zr,N,OH,Li,-0.27,219,0.831,3.302,3.288
58,Nb2NO2,0,0,0,0,0,2,0,0,0,0,1,0,0,2,1,0,0,0,Nb,N,O2,Li,0.66,218,0.646,3.136,2.946
59,Nb2COH,0,0,0,0,0,2,0,0,0,1,0,0,1,1,1,0,0,0,Nb,C,OH,Li,-0.27,218,0.82,3.204,3.186
60,Zr2CF2,0,0,0,0,2,0,0,0,0,1,0,2,0,0,1,0,0,0,Zr,C,F,Li,-0.08,217,0.722,3.321,3.243
61,Zr2NF2,0,0,0,0,2,0,0,0,0,0,1,2,0,0,1,0,0,0,Zr,N,F,Li,0.08,216,0.716,3.308,3.222
62,Nb2NOH,0,0,0,0,0,2,0,0,0,0,1,0,1,1,1,0,0,0,Nb,N,OH,Li,0.62,216,0.786,2.958,3.157
63,Nb2CF2,0,0,0,0,0,2,0,0,0,1,0,2,0,0,1,0,0,0,Nb,C,F,Li,0.91,215,0.655,3.214,3.113
64,Mo2CO2,0,0,0,0,0,0,2,0,0,1,0,0,0,2,1,0,0,0,Mo,C,O2,Li,1.23,214,0.624,2.993,2.934
65,Nb2NF2,0,0,0,0,0,2,0,0,0,0,1,2,0,0,1,0,0,0,Nb,N,F,Li,1.28,213,0.661,2.911,3.12
66,Mo2NO2,0,0,0,0,0,0,2,0,0,0,1,0,0,2,1,0,0,0,Mo,N,O2,Li,1.27,213,0.613,2.866,2.833
67,Mo2COH,0,0,0,0,0,0,2,0,0,1,0,0,1,1,1,0,0,0,Mo,C,OH,Li,-0.32,213,0.827,3.29,3.263
68,Mo2NOH,0,0,0,0,0,0,2,0,0,0,1,0,1,1,1,0,0,0,Mo,N,OH,Li,-0.22,211,0.829,2.833,3.28
69,Mo2CF2,0,0,0,0,0,0,2,0,0,1,0,2,0,0,1,0,0,0,Mo,C,F,Li,1.75,209,0.619,3.275,3.06
70,Mo2NF2,0,0,0,0,0,0,2,0,0,0,1,2,0,0,1,0,0,0,Mo,N,F,Li,1.65,208,0.708,2.785,3.2
71,Hf2C,0,0,0,0,0,0,0,2,0,1,0,0,0,0,1,0,0,0,Hf,C,NONE,Li,0.51,140,0.783,3.21,3.266
72,Hf2NH2,0,0,0,0,0,0,0,2,0,0,1,0,2,0,1,0,0,0,Hf,N,H2,Li,-0.02,139,0.798,3.179,3.199
73,Hf2N,0,0,0,0,0,0,0,2,0,0,1,0,0,0,1,0,0,0,Hf,N,NONE,Li,0.53,139,0.78,3.175,3.188
74,Hf2CH2,0,0,0,0,0,0,0,2,0,1,0,0,2,0,1,0,0,0,Hf,C,H2,Li,-0.21,139,0.814,3.252,3.263
75,Ta2C,0,0,0,0,0,0,0,0,2,1,0,0,0,0,1,0,0,0,Ta,C,NONE,Li,0.53,138,0.764,3.081,3.102
76,Ta2NH2,0,0,0,0,0,0,0,0,2,0,1,0,2,0,1,0,0,0,Ta,N,H2,Li,0.13,137,0.737,2.926,2.994
77,Ta2N,0,0,0,0,0,0,0,0,2,0,1,0,0,0,1,0,0,0,Ta,N,NONE,Li,0.56,137,0.758,3.098,3.063
78,Ta2CH2,0,0,0,0,0,0,0,0,2,1,0,0,2,0,1,0,0,0,Ta,C,H2,Li,0.18,137,0.772,3.089,3.125
79,Hf2NO2,0,0,0,0,0,0,0,2,0,0,1,0,0,2,1,0,0,0,Hf,N,O2,Li,0.23,129,0.753,3.215,3.134
80,Hf2COH,0,0,0,0,0,0,0,2,0,1,0,0,1,1,1,0,0,0,Hf,C,OH,Li,-0.26,129,0.829,3.276,3.262
81,Hf2CO2,0,0,0,0,0,0,0,2,0,1,0,0,0,2,1,0,0,0,Hf,C,O2,Li,0.39,129,0.738,3.27,3.181
82,Ta2CO2,0,0,0,0,0,0,0,0,2,1,0,0,0,2,1,0,0,0,Ta,C,O2,Li,0.58,128,0.733,3.13,3.118
83,Hf2NOH,0,0,0,0,0,0,0,2,0,0,1,0,1,1,1,0,0,0,Hf,N,OH,Li,-0.21,128,0.823,3.257,3.241
84,Ta2NO2,0,0,0,0,0,0,0,0,2,0,1,0,0,2,1,0,0,0,Ta,N,O2,Li,0.38,127,0.66,3.135,2.916
85,Ta2COH,0,0,0,0,0,0,0,0,2,1,0,0,1,1,1,0,0,0,Ta,C,OH,Li,-0.23,127,0.817,3.193,3.181
86,Hf2NF2,0,0,0,0,0,0,0,2,0,0,1,2,0,0,1,0,0,0,Hf,N,F,Li,0.4,127,0.684,3.251,3.161
87,Hf2CF2,0,0,0,0,0,0,0,2,0,1,0,2,0,0,1,0,0,0,Hf,C,F,Li,-0.26,127,0.769,3.261,3.232
88,Ta2NOH,0,0,0,0,0,0,0,0,2,0,1,0,1,1,1,0,0,0,Ta,N,OH,Li,1.58,126,0.748,2.92,3.129
89,Ta2CF2,0,0,0,0,0,0,0,0,2,1,0,2,0,0,1,0,0,0,Ta,C,F,Li,1.13,126,0.646,3.209,3.099
90,Ta2NF2,0,0,0,0,0,0,0,0,2,0,1,2,0,0,1,0,0,0,Ta,N,F,Li,1.53,125,0.649,2.861,3.1
91,Sc2C,2,0,0,0,0,0,0,0,0,1,0,0,0,0,0,1,0,0,Sc,C,NONE,Na,0.27,362,0.849,3.312,3.405
92,Sc2N,2,0,0,0,0,0,0,0,0,0,1,0,0,0,0,1,0,0,Sc,N,NONE,Na,0.25,358,0.844,3.19,3.29
93,Sc2CH2,2,0,0,0,0,0,0,0,0,1,0,0,2,0,0,1,0,0,Sc,C,H2,Na,-0.15,358,0.863,3.28,3.319
94,Sc2NH2,2,0,0,0,0,0,0,0,0,0,1,0,2,0,0,1,0,0,Sc,N,H2,Na,-0.17,353,0.849,3.185,3.247
95,Ti2C,0,2,0,0,0,0,0,0,0,1,0,0,0,0,0,1,0,0,Ti,C,NONE,Na,0.22,349,0.83,3.082,3.205
96,Ti2N,0,2,0,0,0,0,0,0,0,0,1,0,0,0,0,1,0,0,Ti,N,NONE,Na,0.23,344,0.831,2.988,3.148
97,Ti2CH2,0,2,0,0,0,0,0,0,0,1,0,0,2,0,0,1,0,0,Ti,C,H2,Na,-0.21,344,0.838,3.037,3.116
98,Ti2NH2,0,2,0,0,0,0,0,0,0,0,1,0,2,0,0,1,0,0,Ti,N,H2,Na,-0.22,340,0.833,2.988,3.084
99,V2C,0,0,2,0,0,0,0,0,0,1,0,0,0,0,0,1,0,0,V,C,NONE,Na,0.2,335,0.831,2.897,3.18
100,V2N,0,0,2,0,0,0,0,0,0,0,1,0,0,0,0,1,0,0,V,N,NONE,Na,0.17,331,0.836,2.92,3.189
101,V2CH2,0,0,2,0,0,0,0,0,0,1,0,0,2,0,0,1,0,0,V,C,H2,Na,-0.18,331,0.832,2.877,3.024
102,Cr2C,0,0,0,2,0,0,0,0,0,1,0,0,0,0,0,1,0,0,Cr,C,NONE,Na,0.16,331,0.821,2.828,3.099
103,V2NH2,0,0,2,0,0,0,0,0,0,0,1,0,2,0,0,1,0,0,V,N,H2,Na,-0.21,327,0.829,2.756,3.014
104,Cr2N,0,0,0,2,0,0,0,0,0,0,1,0,0,0,0,1,0,0,Cr,N,NONE,Na,0.31,327,0.83,2.675,3.095
105,Cr2CH2,0,0,0,2,0,0,0,0,0,1,0,0,2,0,0,1,0,0,Cr,C,H2,Na,-1.68,327,0.791,2.872,3.08
106,Cr2NH2,0,0,0,2,0,0,0,0,0,0,1,0,2,0,0,1,0,0,Cr,N,H2,Na,-0.18,323,0.834,2.867,3.029
107,Sc2CO2,2,0,0,0,0,0,0,0,0,1,0,0,0,2,0,1,0,0,Sc,C,O2,Na,1.15,298,0.863,3.214,3.235
108,Sc2NO2,2,0,0,0,0,0,0,0,0,0,1,0,0,2,0,1,0,0,Sc,N,O2,Na,1.35,295,0.87,3.238,3.185
109,Sc2COH,2,0,0,0,0,0,0,0,0,1,0,0,1,1,0,1,0,0,Sc,C,OH,Na,-0.27,295,0.846,3.287,3.315
110,Sc2NOH,2,0,0,0,0,0,0,0,0,0,1,0,1,1,0,1,0,0,Sc,N,OH,Na,-0.22,291,0.837,3.207,3.256
111,Ti2CO2,0,2,0,0,0,0,0,0,0,1,0,0,0,2,0,1,0,0,Ti,C,O2,Na,0.56,289,0.856,3.032,3.055
112,Sc2CF2,2,0,0,0,0,0,0,0,0,1,0,2,0,0,0,1,0,0,Sc,C,F,Na,-0.28,288,0.863,3.263,3.29
113,Ti2NO2,0,2,0,0,0,0,0,0,0,0,1,0,0,2,0,1,0,0,Ti,N,O2,Na,0.49,286,0.857,3.003,3.048
114,Ti2COH,0,2,0,0,0,0,0,0,0,1,0,0,1,1,0,1,0,0,Ti,C,OH,Na,-0.34,285,0.825,3.073,3.131
115,Sc2NF2,2,0,0,0,0,0,0,0,0,0,1,2,0,0,0,1,0,0,Sc,N,F,Na,-0.36,285,0.846,3.184,3.229
116,Ti2NOH,0,2,0,0,0,0,0,0,0,0,1,0,1,1,0,1,0,0,Ti,N,OH,Na,-0.31,283,0.827,3.063,3.125
117,Ti2CF2,0,2,0,0,0,0,0,0,0,1,0,2,0,0,0,1,0,0,Ti,C,F,Na,-0.18,280,0.864,3.054,3.162
118,V2CO2,0,0,2,0,0,0,0,0,0,1,0,0,0,2,0,1,0,0,V,C,O2,Na,0.64,279,0.846,2.895,2.991
119,Ti2NF2,0,2,0,0,0,0,0,0,0,0,1,2,0,0,0,1,0,0,Ti,N,F,Na,-0.26,277,0.863,3.062,3.179
120,V2NO2,0,0,2,0,0,0,0,0,0,0,1,0,0,2,0,1,0,0,V,N,O2,Na,0.6,276,0.852,2.905,3.011
121,V2COH,0,0,2,0,0,0,0,0,0,1,0,0,1,1,0,1,0,0,V,C,OH,Na,-0.4,276,0.817,3,3.063
122,Cr2CO2,0,0,0,2,0,0,0,0,0,1,0,0,0,2,0,1,0,0,Cr,C,O2,Na,0.65,276,0.85,2.899,3.019
123,V2NOH,0,0,2,0,0,0,0,0,0,0,1,0,1,1,0,1,0,0,V,N,OH,Na,-0.35,274,0.823,3.054,3.124
124,Cr2NO2,0,0,0,2,0,0,0,0,0,0,1,0,0,2,0,1,0,0,Cr,N,O2,Na,0.82,274,0.855,2.866,3.033
125,Cr2COH,0,0,0,2,0,0,0,0,0,1,0,0,1,1,0,1,0,0,Cr,C,OH,Na,-0.39,274,0.821,3.032,3.094
126,V2CF2,0,0,2,0,0,0,0,0,0,1,0,2,0,0,0,1,0,0,V,C,F,Na,0.07,271,0.873,2.978,3.197
127,Cr2NOH,0,0,0,2,0,0,0,0,0,0,1,0,1,1,0,1,0,0,Cr,N,OH,Na,-0.35,271,0.824,3.033,3.111
128,V2NF2,0,0,2,0,0,0,0,0,0,0,1,2,0,0,0,1,0,0,V,N,F,Na,0.01,268,0.874,3.043,3.21
129,Cr2CF2,0,0,0,2,0,0,0,0,0,1,0,2,0,0,0,1,0,0,Cr,C,F,Na,0.49,268,0.866,3.021,3.151
130,Cr2NF2,0,0,0,2,0,0,0,0,0,0,1,2,0,0,0,1,0,0,Cr,N,F,Na,0.14,265,0.867,3.036,3.136
131,Zr2C,0,0,0,0,2,0,0,0,0,1,0,0,0,0,0,1,0,0,Zr,C,NONE,Na,0.37,223,0.846,3.28,3.411
132,Zr2N,0,0,0,0,2,0,0,0,0,0,1,0,0,0,0,1,0,0,Zr,N,NONE,Na,0.38,221,0.847,3.25,3.34
133,Zr2CH2,0,0,0,0,2,0,0,0,0,1,0,0,2,0,0,1,0,0,Zr,C,H2,Na,-0.08,221,0.858,3.317,3.354
134,Nb2C,0,0,0,0,0,2,0,0,0,1,0,0,0,0,0,1,0,0,Nb,C,NONE,Na,0.32,220,0.838,3.119,3.208
135,Zr2NH2,0,0,0,0,2,0,0,0,0,0,1,0,2,0,0,1,0,0,Zr,N,H2,Na,-0.03,219,0.851,3.253,3.299
136,Nb2N,0,0,0,0,0,2,0,0,0,0,1,0,0,0,0,1,0,0,Nb,N,NONE,Na,0.33,218,0.837,3.137,3.197
137,Nb2CH2,0,0,0,0,0,2,0,0,0,1,0,0,2,0,0,1,0,0,Nb,C,H2,Na,0.01,218,0.845,3.115,3.2
138,Nb2NH2,0,0,0,0,0,2,0,0,0,0,1,0,2,0,0,1,0,0,Nb,N,H2,Na,-0.08,216,0.845,2.957,3.21
139,Mo2C,0,0,0,0,0,0,2,0,0,1,0,0,0,0,0,1,0,0,Mo,C,NONE,Na,0.32,215,0.825,3.005,3.118
140,Mo2N,0,0,0,0,0,0,2,0,0,0,1,0,0,0,0,1,0,0,Mo,N,NONE,Na,0.28,213,0.843,2.79,3.292
141,Mo2CH2,0,0,0,0,0,0,2,0,0,1,0,0,2,0,0,1,0,0,Mo,C,H2,Na,0.12,213,0.843,2.938,3.139
142,Mo2NH2,0,0,0,0,0,0,2,0,0,0,1,0,2,0,0,1,0,0,Mo,N,H2,Na,-0.06,211,0.85,2.788,3.195
143,Zr2CO2,0,0,0,0,2,0,0,0,0,1,0,0,0,2,0,1,0,0,Zr,C,O2,Na,0.33,197,0.877,3.317,3.277
144,Zr2NO2,0,0,0,0,2,0,0,0,0,0,1,0,0,2,0,1,0,0,Zr,N,O2,Na,0.27,195,0.876,3.269,3.249
145,Zr2COH,0,0,0,0,2,0,0,0,0,1,0,0,1,1,0,1,0,0,Zr,C,OH,Na,-0.16,195,0.848,3.331,3.356
146,Zr2NOH,0,0,0,0,2,0,0,0,0,0,1,0,1,1,0,1,0,0,Zr,N,OH,Na,-0.14,194,0.848,3.302,3.346
147,Nb2CO2,0,0,0,0,0,2,0,0,0,1,0,0,0,2,0,1,0,0,Nb,C,O2,Na,0.49,194,0.869,3.133,3.169
148,Zr2CF2,0,0,0,0,2,0,0,0,0,1,0,2,0,0,0,1,0,0,Zr,C,F,Na,-0.27,193,0.867,3.321,3.348
149,Nb2NO2,0,0,0,0,0,2,0,0,0,0,1,0,0,2,0,1,0,0,Nb,N,O2,Na,0.33,193,0.871,3.136,3.188
150,Nb2COH,0,0,0,0,0,2,0,0,0,1,0,0,1,1,0,1,0,0,Nb,C,OH,Na,-0.21,193,0.839,3.204,3.243
151,Nb2NOH,0,0,0,0,0,2,0,0,0,0,1,0,1,1,0,1,0,0,Nb,N,OH,Na,-0.03,192,0.842,2.958,3.304
152,Zr2NF2,0,0,0,0,2,0,0,0,0,0,1,2,0,0,0,1,0,0,Zr,N,F,Na,-0.3,191,0.857,3.308,3.346
153,Nb2CF2,0,0,0,0,0,2,0,0,0,1,0,2,0,0,0,1,0,0,Nb,C,F,Na,-0.14,190,0.883,3.214,3.366
154,Mo2CO2,0,0,0,0,0,0,2,0,0,1,0,0,0,2,0,1,0,0,Mo,C,O2,Na,0.89,190,0.87,2.993,3.212
155,Nb2NF2,0,0,0,0,0,2,0,0,0,0,1,2,0,0,0,1,0,0,Nb,N,F,Na,0.16,189,0.864,2.911,3.445
156,Mo2NO2,0,0,0,0,0,0,2,0,0,0,1,0,0,2,0,1,0,0,Mo,N,O2,Na,0.53,189,0.838,2.866,2.886
157,Mo2COH,0,0,0,0,0,0,2,0,0,1,0,0,1,1,0,1,0,0,Mo,C,OH,Na,-0.19,189,0.844,3.29,3.308
158,Mo2NOH,0,0,0,0,0,0,2,0,0,0,1,0,1,1,0,1,0,0,Mo,N,OH,Na,-0.56,188,0.798,2.833,2.912
159,Mo2CF2,0,0,0,0,0,0,2,0,0,1,0,2,0,0,0,1,0,0,Mo,C,F,Na,0.46,186,0.864,3.275,3.19
160,Mo2NF2,0,0,0,0,0,0,2,0,0,0,1,2,0,0,0,1,0,0,Mo,N,F,Na,0.85,185,0.864,2.785,3.521
161,Hf2N,0,0,0,0,0,0,0,2,0,0,1,0,0,0,0,1,0,0,Hf,N,NONE,Na,0.34,129,0.843,3.175,3.249
162,Hf2CH2,0,0,0,0,0,0,0,2,0,1,0,0,2,0,0,1,0,0,Hf,C,H2,Na,-0.14,129,0.851,3.252,3.295
163,Hf2C,0,0,0,0,0,0,0,2,0,1,0,0,0,0,0,1,0,0,Hf,C,NONE,Na,0.35,129,0.843,3.21,3.326
164,Ta2C,0,0,0,0,0,0,0,0,2,1,0,0,0,0,0,1,0,0,Ta,C,NONE,Na,0.28,128,0.836,3.081,3.152
165,Hf2NH2,0,0,0,0,0,0,0,2,0,0,1,0,2,0,0,1,0,0,Hf,N,H2,Na,-0.07,128,0.844,3.179,3.238
166,Ta2N,0,0,0,0,0,0,0,0,2,0,1,0,0,0,0,1,0,0,Ta,N,NONE,Na,0.28,127,0.834,3.098,3.137
167,Ta2CH2,0,0,0,0,0,0,0,0,2,1,0,0,2,0,0,1,0,0,Ta,C,H2,Na,-0.01,127,0.842,3.089,3.178
168,Ta2NH2,0,0,0,0,0,0,0,0,2,0,1,0,2,0,0,1,0,0,Ta,N,H2,Na,-0.17,126,0.839,2.926,3.17
169,Hf2CO2,0,0,0,0,0,0,0,2,0,1,0,0,0,2,0,1,0,0,Hf,C,O2,Na,0.13,120,0.875,3.27,3.231
170,Ta2CO2,0,0,0,0,0,0,0,0,2,1,0,0,0,2,0,1,0,0,Ta,C,O2,Na,0.29,119,0.868,3.13,3.157
171,Hf2NOH,0,0,0,0,0,0,0,2,0,0,1,0,1,1,0,1,0,0,Hf,N,OH,Na,-0.13,119,0.846,3.257,3.296
172,Hf2NO2,0,0,0,0,0,0,0,2,0,0,1,0,0,2,0,1,0,0,Hf,N,O2,Na,0.04,119,0.872,3.215,3.201
173,Hf2COH,0,0,0,0,0,0,0,2,0,1,0,0,1,1,0,1,0,0,Hf,C,OH,Na,-0.15,119,0.845,3.276,3.303
174,Ta2NOH,0,0,0,0,0,0,0,0,2,0,1,0,1,1,0,1,0,0,Ta,N,OH,Na,-0.07,118,0.846,2.92,3.324
175,Ta2NO2,0,0,0,0,0,0,0,0,2,0,1,0,0,2,0,1,0,0,Ta,N,O2,Na,0.12,118,0.87,3.135,3.183
176,Ta2COH,0,0,0,0,0,0,0,0,2,1,0,0,1,1,0,1,0,0,Ta,C,OH,Na,-0.18,118,0.839,3.193,3.233
177,Hf2NF2,0,0,0,0,0,0,0,2,0,0,1,2,0,0,0,1,0,0,Hf,N,F,Na,-0.35,118,0.85,3.251,3.305
178,Hf2CF2,0,0,0,0,0,0,0,2,0,1,0,2,0,0,0,1,0,0,Hf,C,F,Na,-0.34,118,0.851,3.261,3.3
179,Ta2NF2,0,0,0,0,0,0,0,0,2,0,1,2,0,0,0,1,0,0,Ta,N,F,Na,0.39,117,0.849,2.861,3.453
180,Ta2CF2,0,0,0,0,0,0,0,0,2,1,0,2,0,0,0,1,0,0,Ta,C,F,Na,-0.23,117,0.881,3.209,3.372
181,Sc2C,2,0,0,0,0,0,0,0,0,1,0,0,0,0,0,0,1,0,Sc,C,NONE,K,-0.35,298,0.429,3.312,3.546
182,Sc2N,2,0,0,0,0,0,0,0,0,0,1,0,0,0,0,0,1,0,Sc,N,NONE,K,-0.45,294,0.419,3.19,3.438
183,Sc2CH2,2,0,0,0,0,0,0,0,0,1,0,0,2,0,0,0,1,0,Sc,C,H2,K,-0.62,294,0.42,3.28,3.452
184,Sc2NH2,2,0,0,0,0,0,0,0,0,0,1,0,2,0,0,0,1,0,Sc,N,H2,K,-0.82,291,0.414,3.185,3.384
185,Ti2C,0,2,0,0,0,0,0,0,0,1,0,0,0,0,0,0,1,0,Ti,C,NONE,K,-0.64,288,0.407,3.082,3.344
186,Ti2N,0,2,0,0,0,0,0,0,0,0,1,0,0,0,0,0,1,0,Ti,N,NONE,K,-0.63,285,0.406,2.988,3.335
187,Ti2CH2,0,2,0,0,0,0,0,0,0,1,0,0,2,0,0,0,1,0,Ti,C,H2,K,-1.02,285,0.396,3.037,3.267
188,Ti2NH2,0,2,0,0,0,0,0,0,0,0,1,0,2,0,0,0,1,0,Ti,N,H2,K,-1,282,0.394,2.988,3.265
189,V2C,0,0,2,0,0,0,0,0,0,1,0,0,0,0,0,0,1,0,V,C,NONE,K,-0.61,279,0.415,2.897,3.422
190,V2N,0,0,2,0,0,0,0,0,0,0,1,0,0,0,0,0,1,0,V,N,NONE,K,-0.63,276,0.407,2.92,3.336
191,V2CH2,0,0,2,0,0,0,0,0,0,1,0,0,2,0,0,0,1,0,V,C,H2,K,-1.04,276,0.383,2.877,3.201
192,Cr2C,0,0,0,2,0,0,0,0,0,1,0,0,0,0,0,0,1,0,Cr,C,NONE,K,-0.59,276,0.405,2.828,3.355
193,V2NH2,0,0,2,0,0,0,0,0,0,0,1,0,2,0,0,0,1,0,V,N,H2,K,-0.98,273,0.391,2.756,3.24
194,Cr2N,0,0,0,2,0,0,0,0,0,0,1,0,0,0,0,0,1,0,Cr,N,NONE,K,-2.42,273,0.282,2.675,3.08
195,Cr2CH2,0,0,0,2,0,0,0,0,0,1,0,0,2,0,0,0,1,0,Cr,C,H2,K,-1.14,273,0.371,2.872,3.159
196,Cr2NH2,0,0,0,2,0,0,0,0,0,0,1,0,2,0,0,0,1,0,Cr,N,H2,K,-1.04,270,0.38,2.867,3.17
197,Sc2CO2,2,0,0,0,0,0,0,0,0,1,0,0,0,2,0,0,1,0,Sc,C,O2,K,0.7,253,0.376,3.214,3.301
198,Sc2NO2,2,0,0,0,0,0,0,0,0,0,1,0,0,2,0,0,1,0,Sc,N,O2,K,0.85,250,0.389,3.238,3.264
199,Sc2COH,2,0,0,0,0,0,0,0,0,1,0,0,1,1,0,0,1,0,Sc,C,OH,K,-1.03,250,0.423,3.287,3.453
200,Sc2NOH,2,0,0,0,0,0,0,0,0,0,1,0,1,1,0,0,1,0,Sc,N,OH,K,-1.06,248,0.417,3.207,3.371
201,Ti2CO2,0,2,0,0,0,0,0,0,0,1,0,0,0,2,0,0,1,0,Ti,C,O2,K,-0.08,246,0.365,3.032,3.141
202,Sc2CF2,2,0,0,0,0,0,0,0,0,1,0,2,0,0,0,0,1,0,Sc,C,F,K,-0.75,246,0.42,3.263,3.421
203,Ti2NO2,0,2,0,0,0,0,0,0,0,0,1,0,0,2,0,0,1,0,Ti,N,O2,K,-0.18,244,0.367,3.003,3.139
204,Ti2COH,0,2,0,0,0,0,0,0,0,1,0,0,1,1,0,0,1,0,Ti,C,OH,K,-1.43,244,0.405,3.073,3.272
205,Sc2NF2,2,0,0,0,0,0,0,0,0,0,1,2,0,0,0,0,1,0,Sc,N,F,K,-0.95,244,0.416,3.184,3.372
206,Ti2NOH,0,2,0,0,0,0,0,0,0,0,1,0,1,1,0,0,1,0,Ti,N,OH,K,-1.36,241,0.406,3.063,3.257
207,V2CO2,0,0,2,0,0,0,0,0,0,1,0,0,0,2,0,0,1,0,V,C,O2,K,-0.08,239,0.354,2.895,3.087
208,Ti2CF2,0,2,0,0,0,0,0,0,0,1,0,2,0,0,0,0,1,0,Ti,C,F,K,-0.77,239,0.408,3.054,3.322
209,V2NO2,0,0,2,0,0,0,0,0,0,0,1,0,0,2,0,0,1,0,V,N,O2,K,-0.12,237,0.363,2.905,3.125
210,V2COH,0,0,2,0,0,0,0,0,0,1,0,0,1,1,0,0,1,0,V,C,OH,K,-1.56,237,0.4,3,3.217
211,Ti2NF2,0,2,0,0,0,0,0,0,0,0,1,2,0,0,0,0,1,0,Ti,N,F,K,-0.85,237,0.41,3.062,3.328
212,Cr2CO2,0,0,0,2,0,0,0,0,0,1,0,0,0,2,0,0,1,0,Cr,C,O2,K,-0.04,237,0.36,2.899,3.131
213,V2NOH,0,0,2,0,0,0,0,0,0,0,1,0,1,1,0,0,1,0,V,N,OH,K,-1.44,235,0.404,3.054,3.259
214,Cr2NO2,0,0,0,2,0,0,0,0,0,0,1,0,0,2,0,0,1,0,Cr,N,O2,K,0.12,235,0.368,2.866,3.134
215,Cr2COH,0,0,0,2,0,0,0,0,0,1,0,0,1,1,0,0,1,0,Cr,C,OH,K,-1.5,235,0.407,3.032,3.311
216,V2CF2,0,0,2,0,0,0,0,0,0,1,0,2,0,0,0,0,1,0,V,C,F,K,-0.5,233,0.401,2.978,3.327
217,Cr2NOH,0,0,0,2,0,0,0,0,0,0,1,0,1,1,0,0,1,0,Cr,N,OH,K,-1.41,233,0.411,3.033,3.339
218,V2NF2,0,0,2,0,0,0,0,0,0,0,1,2,0,0,0,0,1,0,V,N,F,K,-0.57,231,0.401,3.043,3.319
219,Cr2CF2,0,0,0,2,0,0,0,0,0,1,0,2,0,0,0,0,1,0,Cr,C,F,K,-0.23,231,0.399,3.021,3.323
220,Cr2NF2,0,0,0,2,0,0,0,0,0,0,1,2,0,0,0,0,1,0,Cr,N,F,K,-0.16,229,0.394,3.036,3.403
221,Zr2C,0,0,0,0,2,0,0,0,0,1,0,0,0,0,0,0,1,0,Zr,C,NONE,K,-0.26,197,0.422,3.28,3.505
222,Zr2N,0,0,0,0,2,0,0,0,0,0,1,0,0,0,0,0,1,0,Zr,N,NONE,K,-0.24,195,0.418,3.25,3.465
223,Zr2CH2,0,0,0,0,2,0,0,0,0,1,0,0,2,0,0,0,1,0,Zr,C,H2,K,-0.65,195,0.42,3.317,3.463
224,Zr2NH2,0,0,0,0,2,0,0,0,0,0,1,0,2,0,0,0,1,0,Zr,N,H2,K,-0.64,194,0.415,3.253,3.446
225,Nb2C,0,0,0,0,0,2,0,0,0,1,0,0,0,0,0,0,1,0,Nb,C,NONE,K,-0.39,194,0.416,3.119,3.422
226,Nb2N,0,0,0,0,0,2,0,0,0,0,1,0,0,0,0,0,1,0,Nb,N,NONE,K,-0.3,193,0.42,3.137,3.484
227,Nb2CH2,0,0,0,0,0,2,0,0,0,1,0,0,2,0,0,0,1,0,Nb,C,H2,K,-0.71,193,0.401,3.115,3.331
228,Nb2NH2,0,0,0,0,0,2,0,0,0,0,1,0,2,0,0,0,1,0,Nb,N,H2,K,-0.73,191,0.403,2.957,3.386
229,Mo2C,0,0,0,0,0,0,2,0,0,1,0,0,0,0,0,0,1,0,Mo,C,NONE,K,-0.48,190,0.414,3.005,3.457
230,Mo2N,0,0,0,0,0,0,2,0,0,0,1,0,0,0,0,0,1,0,Mo,N,NONE,K,-0.37,189,0.409,2.79,3.412
231,Mo2CH2,0,0,0,0,0,0,2,0,0,1,0,0,2,0,0,0,1,0,Mo,C,H2,K,-0.62,189,0.391,2.938,3.272
232,Mo2NH2,0,0,0,0,0,0,2,0,0,0,1,0,2,0,0,0,1,0,Mo,N,H2,K,-0.7,187,0.395,2.788,3.303
233,Zr2CO2,0,0,0,0,2,0,0,0,0,1,0,0,0,2,0,0,1,0,Zr,C,O2,K,-0.05,176,0.396,3.317,3.346
234,Zr2NO2,0,0,0,0,2,0,0,0,0,0,1,0,0,2,0,0,1,0,Zr,N,O2,K,-0.14,175,0.397,3.269,3.331
235,Zr2COH,0,0,0,0,2,0,0,0,0,1,0,0,1,1,0,0,1,0,Zr,C,OH,K,-0.89,175,0.424,3.331,3.452
236,Zr2NOH,0,0,0,0,2,0,0,0,0,0,1,0,1,1,0,0,1,0,Zr,N,OH,K,-0.86,174,0.425,3.302,3.445
237,Nb2CO2,0,0,0,0,0,2,0,0,0,1,0,0,0,2,0,0,1,0,Nb,C,O2,K,-0.04,174,0.386,3.133,3.252
238,Zr2CF2,0,0,0,0,2,0,0,0,0,1,0,2,0,0,0,0,1,0,Zr,C,F,K,-0.68,173,0.425,3.321,3.482
239,Nb2NO2,0,0,0,0,0,2,0,0,0,0,1,0,0,2,0,0,1,0,Nb,N,O2,K,-0.17,173,0.393,3.136,3.278
240,Nb2COH,0,0,0,0,0,2,0,0,0,1,0,0,1,1,0,0,1,0,Nb,C,OH,K,-1.05,173,0.419,3.204,3.393
241,Nb2NOH,0,0,0,0,0,2,0,0,0,0,1,0,1,1,0,0,1,0,Nb,N,OH,K,-0.75,172,0.424,2.958,3.45
242,Zr2NF2,0,0,0,0,2,0,0,0,0,0,1,2,0,0,0,0,1,0,Zr,N,F,K,-0.76,171,0.427,3.308,3.49
243,Nb2CF2,0,0,0,0,0,2,0,0,0,1,0,2,0,0,0,0,1,0,Nb,C,F,K,-0.52,171,0.42,3.214,3.485
244,Mo2CO2,0,0,0,0,0,0,2,0,0,1,0,0,0,2,0,0,1,0,Mo,C,O2,K,0.4,171,0.385,2.993,3.292
245,Nb2NF2,0,0,0,0,0,2,0,0,0,0,1,2,0,0,0,0,1,0,Nb,N,F,K,-0.25,170,0.419,2.911,3.496
246,Mo2NO2,0,0,0,0,0,0,2,0,0,0,1,0,0,2,0,0,1,0,Mo,N,O2,K,0.33,170,0.397,2.866,3.315
247,Mo2COH,0,0,0,0,0,0,2,0,0,1,0,0,1,1,0,0,1,0,Mo,C,OH,K,-0.99,170,0.419,3.29,3.406
248,Mo2NOH,0,0,0,0,0,0,2,0,0,0,1,0,1,1,0,0,1,0,Mo,N,OH,K,-0.86,169,0.419,2.833,3.404
249,Mo2CF2,0,0,0,0,0,0,2,0,0,1,0,2,0,0,0,0,1,0,Mo,C,F,K,-0.01,167,0.407,3.275,3.534
250,Mo2NF2,0,0,0,0,0,0,2,0,0,0,1,2,0,0,0,0,1,0,Mo,N,F,K,0.15,166,0.404,2.785,3.559
251,Hf2C,0,0,0,0,0,0,0,2,0,1,0,0,0,0,0,0,1,0,Hf,C,NONE,K,-0.33,120,0.415,3.21,3.42
252,Ta2C,0,0,0,0,0,0,0,0,2,1,0,0,0,0,0,0,1,0,Ta,C,NONE,K,-0.48,119,0.41,3.081,3.366
253,Hf2NH2,0,0,0,0,0,0,0,2,0,0,1,0,2,0,0,0,1,0,Hf,N,H2,K,-0.79,119,0.407,3.179,3.375
254,Hf2N,0,0,0,0,0,0,0,2,0,0,1,0,0,0,0,0,1,0,Hf,N,NONE,K,-0.34,119,0.41,3.175,3.377
255,Hf2CH2,0,0,0,0,0,0,0,2,0,1,0,0,2,0,0,0,1,0,Hf,C,H2,K,-0.8,119,0.413,3.252,3.403
256,Ta2NH2,0,0,0,0,0,0,0,0,2,0,1,0,2,0,0,0,1,0,Ta,N,H2,K,-0.9,118,0.399,2.926,3.351
257,Ta2N,0,0,0,0,0,0,0,0,2,0,1,0,0,0,0,0,1,0,Ta,N,NONE,K,-0.41,118,0.412,3.098,3.407
258,Ta2CH2,0,0,0,0,0,0,0,0,2,1,0,0,2,0,0,0,1,0,Ta,C,H2,K,-0.78,118,0.398,3.089,3.312
259,Hf2CO2,0,0,0,0,0,0,0,2,0,1,0,0,0,2,0,0,1,0,Hf,C,O2,K,-0.31,112,0.395,3.27,3.302
260,Ta2CO2,0,0,0,0,0,0,0,0,2,1,0,0,0,2,0,0,1,0,Ta,C,O2,K,-0.26,111,0.39,3.13,3.243
261,Hf2NOH,0,0,0,0,0,0,0,2,0,0,1,0,1,1,0,0,1,0,Hf,N,OH,K,-0.9,111,0.42,3.257,3.399
262,Hf2NO2,0,0,0,0,0,0,0,2,0,0,1,0,0,2,0,0,1,0,Hf,N,O2,K,-0.45,111,0.396,3.215,3.285
263,Hf2COH,0,0,0,0,0,0,0,2,0,1,0,0,1,1,0,0,1,0,Hf,C,OH,K,-0.94,111,0.422,3.276,3.401
264,Ta2NOH,0,0,0,0,0,0,0,0,2,0,1,0,1,1,0,0,1,0,Ta,N,OH,K,-0.8,110,0.423,2.92,3.443
265,Ta2NO2,0,0,0,0,0,0,0,0,2,0,1,0,0,2,0,0,1,0,Ta,N,O2,K,-0.42,110,0.398,3.135,3.277
266,Ta2COH,0,0,0,0,0,0,0,0,2,1,0,0,1,1,0,0,1,0,Ta,C,OH,K,-1.01,110,0.418,3.193,3.376
267,Hf2NF2,0,0,0,0,0,0,0,2,0,0,1,2,0,0,0,0,1,0,Hf,N,F,K,-0.95,110,0.424,3.251,3.449
268,Hf2CF2,0,0,0,0,0,0,0,2,0,1,0,2,0,0,0,0,1,0,Hf,C,F,K,-0.9,110,0.423,3.261,3.445
269,Ta2NF2,0,0,0,0,0,0,0,0,2,0,1,2,0,0,0,0,1,0,Ta,N,F,K,-0.39,109,0.41,2.861,3.51
270,Ta2CF2,0,0,0,0,0,0,0,0,2,1,0,2,0,0,0,0,1,0,Ta,C,F,K,-0.63,109,0.422,3.209,3.481
271,Sc2C,2,0,0,0,0,0,0,0,0,1,0,0,0,0,0,0,0,1,Sc,C,NONE,Mg,0.23,712,1.671,3.312,3.287
272,Sc2N,2,0,0,0,0,0,0,0,0,0,1,0,0,0,0,0,0,1,Sc,N,NONE,Mg,0.35,703,1.659,3.19,3.187
273,Sc2CH2,2,0,0,0,0,0,0,0,0,1,0,0,2,0,0,0,0,1,Sc,C,H2,Mg,-0.33,703,1.674,3.28,3.273
274,Sc2NH2,2,0,0,0,0,0,0,0,0,0,1,0,2,0,0,0,0,1,Sc,N,H2,Mg,-0.27,694,1.661,3.185,3.198
275,Ti2C,0,2,0,0,0,0,0,0,0,1,0,0,0,0,0,0,0,1,Ti,C,NONE,Mg,0.47,686,1.643,3.082,3.117
276,Ti2N,0,2,0,0,0,0,0,0,0,0,1,0,0,0,0,0,0,1,Ti,N,NONE,Mg,0.57,677,1.633,2.988,3.061
277,Ti2CH2,0,2,0,0,0,0,0,0,0,1,0,0,2,0,0,0,0,1,Ti,C,H2,Mg,-0.1,677,1.647,3.037,3.088
278,Ti2NH2,0,2,0,0,0,0,0,0,0,0,1,0,2,0,0,0,0,1,Ti,N,H2,Mg,-0.1,669,1.639,2.988,3.032
279,V2C,0,0,2,0,0,0,0,0,0,1,0,0,0,0,0,0,0,1,V,C,NONE,Mg,0.59,660,1.621,2.897,3.011
280,V2N,0,0,2,0,0,0,0,0,0,0,1,0,0,0,0,0,0,1,V,N,NONE,Mg,0.6,652,1.613,2.92,2.967
281,V2CH2,0,0,2,0,0,0,0,0,0,1,0,0,2,0,0,0,0,1,V,C,H2,Mg,0.01,652,1.626,2.877,2.963
282,Cr2C,0,0,0,2,0,0,0,0,0,1,0,0,0,0,0,0,0,1,Cr,C,NONE,Mg,0.64,651,1.606,2.828,2.943
283,V2NH2,0,0,2,0,0,0,0,0,0,0,1,0,2,0,0,0,0,1,V,N,H2,Mg,-0.04,644,1.621,2.756,2.931
284,Cr2N,0,0,0,2,0,0,0,0,0,0,1,0,0,0,0,0,0,1,Cr,N,NONE,Mg,0.62,643,1.614,2.675,2.954
285,Cr2CH2,0,0,0,2,0,0,0,0,0,1,0,0,2,0,0,0,0,1,Cr,C,H2,Mg,0.01,643,1.619,2.872,2.91
286,Cr2NH2,0,0,0,2,0,0,0,0,0,0,1,0,2,0,0,0,0,1,Cr,N,H2,Mg,-0.15,636,1.624,2.867,2.938
287,Sc2COH,2,0,0,0,0,0,0,0,0,1,0,0,1,1,0,0,0,1,Sc,C,OH,Mg,-0.48,589,1.845,3.287,3.315
288,Sc2CO2,2,0,0,0,0,0,0,0,0,1,0,0,0,2,0,0,0,1,Sc,C,O2,Mg,1.2,587,1.667,3.214,3.178
289,Sc2NOH,2,0,0,0,0,0,0,0,0,0,1,0,1,1,0,0,0,1,Sc,N,OH,Mg,-0.43,583,1.838,3.207,3.254
290,Sc2NO2,2,0,0,0,0,0,0,0,0,0,1,0,0,2,0,0,0,1,Sc,N,O2,Mg,1.04,581,1.668,3.238,3.112
291,Ti2COH,0,2,0,0,0,0,0,0,0,1,0,0,1,1,0,0,0,1,Ti,C,OH,Mg,-0.55,571,1.825,3.073,3.128
292,Ti2CO2,0,2,0,0,0,0,0,0,0,1,0,0,0,2,0,0,0,1,Ti,C,O2,Mg,0.49,569,1.645,3.032,3.035
293,Sc2CF2,2,0,0,0,0,0,0,0,0,1,0,2,0,0,0,0,0,1,Sc,C,F,Mg,-0.65,569,1.675,3.263,3.215
294,Ti2NOH,0,2,0,0,0,0,0,0,0,0,1,0,1,1,0,0,0,1,Ti,N,OH,Mg,-0.52,565,1.827,3.063,3.131
295,Ti2NO2,0,2,0,0,0,0,0,0,0,0,1,0,0,2,0,0,0,1,Ti,N,O2,Mg,0.33,563,1.647,3.003,3.02
296,Sc2NF2,2,0,0,0,0,0,0,0,0,0,1,2,0,0,0,0,0,1,Sc,N,F,Mg,-0.62,563,1.669,3.184,3.163
297,V2COH,0,0,2,0,0,0,0,0,0,1,0,0,1,1,0,0,0,1,V,C,OH,Mg,-0.61,553,1.817,3,3.063
298,Ti2CF2,0,2,0,0,0,0,0,0,0,1,0,2,0,0,0,0,0,1,Ti,C,F,Mg,-0.55,552,1.655,3.054,3.077
299,V2CO2,0,0,2,0,0,0,0,0,0,1,0,0,0,2,0,0,0,1,V,C,O2,Mg,0.75,551,1.626,2.895,2.996
300,V2NOH,0,0,2,0,0,0,0,0,0,0,1,0,1,1,0,0,0,1,V,N,OH,Mg,-0.56,547,1.822,3.054,3.109
301,Cr2COH,0,0,0,2,0,0,0,0,0,1,0,0,1,1,0,0,0,1,Cr,C,OH,Mg,-0.6,547,1.821,3.032,3.096
302,V2NO2,0,0,2,0,0,0,0,0,0,0,1,0,0,2,0,0,0,1,V,N,O2,Mg,0.54,546,1.639,2.905,3.019
303,Ti2NF2,0,2,0,0,0,0,0,0,0,0,1,2,0,0,0,0,0,1,Ti,N,F,Mg,-0.59,546,1.655,3.062,3.077
304,Cr2CO2,0,0,0,2,0,0,0,0,0,1,0,0,0,2,0,0,0,1,Cr,C,O2,Mg,0.94,545,1.599,2.899,3.061
305,Cr2NOH,0,0,0,2,0,0,0,0,0,0,1,0,1,1,0,0,0,1,Cr,N,OH,Mg,-0.57,541,1.823,3.033,3.106
306,Cr2NO2,0,0,0,2,0,0,0,0,0,0,1,0,0,2,0,0,0,1,Cr,N,O2,Mg,0.78,540,1.615,2.866,3.006
307,V2CF2,0,0,2,0,0,0,0,0,0,1,0,2,0,0,0,0,0,1,V,C,F,Mg,-0.49,535,1.657,2.978,3.036
308,V2NF2,0,0,2,0,0,0,0,0,0,0,1,2,0,0,0,0,0,1,V,N,F,Mg,-0.54,529,1.655,3.043,3.08
309,Cr2CF2,0,0,0,2,0,0,0,0,0,1,0,2,0,0,0,0,0,1,Cr,C,F,Mg,0.07,529,1.661,3.021,3.089
310,Cr2NF2,0,0,0,2,0,0,0,0,0,0,1,2,0,0,0,0,0,1,Cr,N,F,Mg,-0.22,524,1.662,3.036,3.087
311,Zr2C,0,0,0,0,2,0,0,0,0,1,0,0,0,0,0,0,0,1,Zr,C,NONE,Mg,0.46,441,1.663,3.28,3.316
312,Zr2N,0,0,0,0,2,0,0,0,0,0,1,0,0,0,0,0,0,1,Zr,N,NONE,Mg,0.6,437,1.656,3.25,3.277
313,Zr2CH2,0,0,0,0,2,0,0,0,0,1,0,0,2,0,0,0,0,1,Zr,C,H2,Mg,-0.12,437,1.671,3.317,3.318
314,Nb2C,0,0,0,0,0,2,0,0,0,1,0,0,0,0,0,0,0,1,Nb,C,NONE,Mg,0.71,435,1.637,3.119,3.143
315,Zr2NH2,0,0,0,0,2,0,0,0,0,0,1,0,2,0,0,0,0,1,Zr,N,H2,Mg,-0.04,434,1.665,3.253,3.247
316,Nb2N,0,0,0,0,0,2,0,0,0,0,1,0,0,0,0,0,0,1,Nb,N,NONE,Mg,0.77,432,1.638,3.137,3.142
317,Nb2CH2,0,0,0,0,0,2,0,0,0,1,0,0,2,0,0,0,0,1,Nb,C,H2,Mg,0.12,432,1.654,3.115,3.139
318,Nb2NH2,0,0,0,0,0,2,0,0,0,0,1,0,2,0,0,0,0,1,Nb,N,H2,Mg,0.12,428,1.642,2.957,3.055
319,Mo2C,0,0,0,0,0,0,2,0,0,1,0,0,0,0,0,0,0,1,Mo,C,NONE,Mg,0.89,425,1.624,3.005,3.071
320,Mo2N,0,0,0,0,0,0,2,0,0,0,1,0,0,0,0,0,0,1,Mo,N,NONE,Mg,0.85,421,1.602,2.79,2.955
321,Mo2CH2,0,0,0,0,0,0,2,0,0,1,0,0,2,0,0,0,0,1,Mo,C,H2,Mg,0.27,421,1.646,2.938,3.046
322,Mo2NH2,0,0,0,0,0,0,2,0,0,0,1,0,2,0,0,0,0,1,Mo,N,H2,Mg,0.06,418,1.623,2.788,2.935
323,Zr2COH,0,0,0,0,2,0,0,0,0,1,0,0,1,1,0,0,0,1,Zr,C,OH,Mg,-0.37,391,1.847,3.331,3.354
324,Zr2CO2,0,0,0,0,2,0,0,0,0,1,0,0,0,2,0,0,0,1,Zr,C,O2,Mg,-0.09,390,1.684,3.317,3.216
325,Zr2NOH,0,0,0,0,2,0,0,0,0,0,1,0,1,1,0,0,0,1,Zr,N,OH,Mg,-0.35,388,1.847,3.302,3.349
326,Zr2NO2,0,0,0,0,2,0,0,0,0,0,1,0,0,2,0,0,0,1,Zr,N,O2,Mg,-0.21,387,1.684,3.269,3.182
327,Nb2CO2,0,0,0,0,0,2,0,0,0,1,0,0,0,2,0,0,0,1,Nb,C,O2,Mg,0.15,385,1.671,3.133,3.128
328,Nb2NO2,0,0,0,0,0,2,0,0,0,0,1,0,0,2,0,0,0,1,Nb,N,O2,Mg,-0.12,382,1.636,3.136,2.96
329,Nb2COH,0,0,0,0,0,2,0,0,0,1,0,0,1,1,0,0,0,1,Nb,C,OH,Mg,-0.3,382,1.677,3.204,3.166
330,Zr2CF2,0,0,0,0,2,0,0,0,0,1,0,2,0,0,0,0,0,1,Zr,C,F,Mg,-0.66,381,1.681,3.321,3.26
331,Nb2NOH,0,0,0,0,0,2,0,0,0,0,1,0,1,1,0,0,0,1,Nb,N,OH,Mg,-0.03,380,1.687,2.958,3.145
332,Zr2NF2,0,0,0,0,2,0,0,0,0,0,1,2,0,0,0,0,0,1,Zr,N,F,Mg,-0.68,379,1.678,3.308,3.241
333,Mo2COH,0,0,0,0,0,0,2,0,0,1,0,0,1,1,0,0,0,1,Mo,C,OH,Mg,-0.41,378,1.843,3.29,3.31
334,Nb2CF2,0,0,0,0,0,2,0,0,0,1,0,2,0,0,0,0,0,1,Nb,C,F,Mg,-0.8,377,1.675,3.214,3.167
335,Mo2CO2,0,0,0,0,0,0,2,0,0,1,0,0,0,2,0,0,0,1,Mo,C,O2,Mg,1.15,377,1.508,2.993,3.213
336,Mo2NOH,0,0,0,0,0,0,2,0,0,0,1,0,1,1,0,0,0,1,Mo,N,OH,Mg,-0.77,375,1.798,2.833,2.907
337,Nb2NF2,0,0,0,0,0,2,0,0,0,0,1,2,0,0,0,0,0,1,Nb,N,F,Mg,-0.21,374,1.673,2.911,3.157
338,Mo2NO2,0,0,0,0,0,0,2,0,0,0,1,0,0,2,0,0,0,1,Mo,N,O2,Mg,0.49,374,1.602,2.866,2.865
339,Mo2CF2,0,0,0,0,0,0,2,0,0,1,0,2,0,0,0,0,0,1,Mo,C,F,Mg,0.32,369,1.651,3.275,3.061
340,Mo2NF2,0,0,0,0,0,0,2,0,0,0,1,2,0,0,0,0,0,1,Mo,N,F,Mg,2.15,367,1.645,2.785,3.096
341,Hf2C,0,0,0,0,0,0,0,2,0,1,0,0,0,0,0,0,0,1,Hf,C,NONE,Mg,0.5,257,1.66,3.21,3.253
342,Hf2N,0,0,0,0,0,0,0,2,0,0,1,0,0,0,0,0,0,1,Hf,N,NONE,Mg,0.62,256,1.649,3.175,3.213
343,Hf2CH2,0,0,0,0,0,0,0,2,0,1,0,0,2,0,0,0,0,1,Hf,C,H2,Mg,-0.12,255,1.665,3.252,3.265
344,Ta2C,0,0,0,0,0,0,0,0,2,1,0,0,0,0,0,0,0,1,Ta,C,NONE,Mg,0.73,254,1.635,3.081,3.119
345,Hf2NH2,0,0,0,0,0,0,0,2,0,0,1,0,2,0,0,0,0,1,Hf,N,H2,Mg,-0.01,254,1.659,3.179,3.196
346,Ta2N,0,0,0,0,0,0,0,0,2,0,1,0,0,0,0,0,0,1,Ta,N,NONE,Mg,0.77,253,1.633,3.098,3.103
347,Ta2CH2,0,0,0,0,0,0,0,0,2,1,0,0,2,0,0,0,0,1,Ta,C,H2,Mg,0.12,253,1.651,3.089,3.12
348,Ta2NH2,0,0,0,0,0,0,0,0,2,0,1,0,2,0,0,0,0,1,Ta,N,H2,Mg,0.09,251,1.638,2.926,3.029
349,Hf2COH,0,0,0,0,0,0,0,2,0,1,0,0,1,1,0,0,0,1,Hf,C,OH,Mg,-0.36,239,1.845,3.276,3.303
350,Hf2NOH,0,0,0,0,0,0,0,2,0,0,1,0,1,1,0,0,0,1,Hf,N,OH,Mg,-0.34,238,1.846,3.257,3.296
351,Hf2CO2,0,0,0,0,0,0,0,2,0,1,0,0,0,2,0,0,0,1,Hf,C,O2,Mg,-0.38,238,1.688,3.27,3.181
352,Hf2NO2,0,0,0,0,0,0,0,2,0,0,1,0,0,2,0,0,0,1,Hf,N,O2,Mg,-0.48,237,1.683,3.215,3.159
353,Ta2COH,0,0,0,0,0,0,0,0,2,1,0,0,1,1,0,0,0,1,Ta,C,OH,Mg,-0.39,236,1.84,3.193,3.238
354,Ta2CO2,0,0,0,0,0,0,0,0,2,1,0,0,0,2,0,0,0,1,Ta,C,O2,Mg,-0.16,236,1.678,3.13,3.116
355,Ta2NOH,0,0,0,0,0,0,0,0,2,0,1,0,1,1,0,0,0,1,Ta,N,OH,Mg,-0.28,235,1.846,2.92,3.325
356,Ta2NO2,0,0,0,0,0,0,0,0,2,0,1,0,0,2,0,0,0,1,Ta,N,O2,Mg,-0.44,235,1.638,3.135,2.936
357,Hf2CF2,0,0,0,0,0,0,0,2,0,1,0,2,0,0,0,0,0,1,Hf,C,F,Mg,-0.65,235,1.678,3.261,3.236
358,Hf2NF2,0,0,0,0,0,0,0,2,0,0,1,2,0,0,0,0,0,1,Hf,N,F,Mg,-0.65,234,1.673,3.251,3.197
359,Ta2CF2,0,0,0,0,0,0,0,0,2,1,0,2,0,0,0,0,0,1,Ta,C,F,Mg,-0.46,233,1.663,3.209,3.147
360,Ta2NF2,0,0,0,0,0,0,0,0,2,0,1,2,0,0,0,0,0,1,Ta,N,F,Mg,0.05,232,1.659,2.861,3.105
